context_key,tone,weight,template
event.stroke,黑色幽默,4,{eng}突然在辦公室倒下送醫，臨走前還念念不忘下午要進《{case}》的版控。
event.stroke,冷笑話,3,{eng}過勞被救護車載走，主管第一時間關心『那他的筆電密碼是多少』？
event.stroke,悲涼,2,深夜辦公室警報響起，{eng}被抬上擔架，《{case}》的架構從此成為傳說。
event.delrepo,黑色幽默,4,{eng}遞辭呈前順手 rm -rf 了《{case}》整包 repo，備份？主管說『雲端不是會自動存嗎』。
event.delrepo,冷笑話,3,{eng}把《{case}》的庫刪得乾乾淨淨，只留一句 commit message：『祝貴公司順利』。
event.delrepo,悲涼,2,《{case}》的原始碼隨著{eng}的離職一起消失，就像從來沒存在過。
event.sales_flee,黑色幽默,4,業務{sales}留下了一句『我去外面拿合約』，就帶著 {amount}萬 訂金徹底登出人間。
event.sales_flee,竊喜,3,業務{sales}捲款 {amount}萬 跑路了，好險他走之前有把《{case}》的驗收單騙到手。
event.sales_flee,假掰新聞,3,快訊：外包業務{sales}人間蒸發，同行爆料其捲走 {amount}萬 後已定居海外。
event.client_bankrupt,黑色幽默,4,驚聞《{case}》的甲方倒閉，主管安慰大家：『至少不用再改那個通靈需求了。』
event.client_bankrupt,悲涼,3,《{case}》的尾款隨著甲方的破產化為烏有，幾個月的加班只換來滿滿的功德。
event.client_bankrupt,假掰新聞,3,財經快訊：大企業客戶破產重組，外包商《{case}》的 {amount}萬 尾款恐將打水漂。
event.cloud,黑色幽默,4,雲端服務全區大當機，各專案工程師齊聚茶水間，慶祝這難得的合法薪水小偷時光。
event.cloud,假掰新聞,3,快訊：跨國雲端機房驚傳斷線，全台資訊主管開始狂拜乖乖，案子風險全面暴增。
event.cloud,冷笑話,3,雲端機房大當機，主管大發雷霆：『為什麼雲端也會壞？雲不是在天上嗎？』
event.leftpad,黑色幽默,4,開源套件作者因為跟網友吵架怒刪套件，《{case}》瞬間連鎖崩潰，滿螢幕都是紅字。
event.leftpad,冷笑話,3,一個在 GitHub 上只有 10 顆星的開源套件下架了，《{case}》的整個前端隨之蒸發。
event.leftpad,平述,3,因為底層開源套件無預警遭刪除，《{case}》遭遇嚴重編譯失敗，風險急遽上升。
event.vip_crash,黑色幽默,4,長官視察當天，《{case}》完美示範了什麼叫『展示必當機定律』，長官臉色比螢幕還黑。
event.vip_crash,冷笑話,3,長官剛點下『確定』，《{case}》當場噴出藍白畫面，業務連忙解釋這是最新護眼模式。
event.vip_crash,悲涼,2,在長官關切的眼神中，《{case}》無情地跳出 Out of Memory，全場陷入死寂。
event.vip_ok,竊喜,5,長官視察時《{case}》竟然奇蹟般沒當機，你笑著和長官握手合照，這張照片值回票價。
event.vip_ok,黑色幽默,4,《{case}》在 Demo 時發揮了 120% 的穩定度順利騙過長官，合照順便蹭了一波熱度。
event.vip_ok,平述,3,長官視察圓滿落幕，《{case}》驚險過關，合照留念為公司信譽加分不少。
event.poached,悲涼,3,{rival} 用兩倍薪水挖走了你的王牌工程師{eng}（產能 {stat}），留下一堆看不懂的代碼。
event.poached,黑色幽默,4,{eng}被 {rival} 挖走了，臨走前發訊息說：『那邊至少有免費的零食和勞健保。』
event.poached,冷笑話,3,王牌{eng}跳槽到 {rival}，你安慰自己：『很好，他去用技術債禍害對手了。』
event.media_exposed,假掰新聞,4,獨家爆料：某知名外包商的甩鍋黑歷史遭記者起底，多起《{case}》的延宕爭議浮上檯面。
event.media_exposed,黑色幽默,3,你的經典甩鍋話術上了週刊頭條，網友紛紛表示：『這就是台灣科技業的日常嘛。』
event.media_exposed,悲涼,2,記者揭露了公司的外包黑幕，客戶紛紛打來關切，累積的信譽一夕之間化為烏有。
event.media_clean,竊喜,4,記者在公司的專案資料夾裡翻了半天，因為看不懂那些疊床架屋的架構，最後悻悻然離開。
event.media_clean,黑色幽默,3,爆料記者查不到把柄，因為我們的帳目跟《{case}》的代碼一樣，亂到連 AI 都理不出來。
event.media_clean,平述,3,媒體爆料無疾而終，記者查無具體違規事證，公司驚險避開一場公關危機。
event.windfall,竊喜,5,那筆拖了兩年的陳年應收帳款竟然突然入帳了！ {amount}萬 的意外之財讓公司原地滿血。
event.windfall,黑色幽默,4,已經倒閉的前甲方突然清算資產，匯來了 {amount}萬 欠款，會計還以為是詐騙集團。
event.windfall,平述,3,收到過往專案的催收尾款 {amount}萬，公司現金流獲得極大緩解。
event.ransom,黑色幽默,4,勒索軟體鎖住了公司 NAS，駭客在 readme 留下錢包地址，親切索討 {amount}萬 贖金。
event.ransom,冷笑話,3,公司 NAS 被勒索軟體加密，駭客要 {amount}萬 贖金，但裡面其實只有迷片跟過期簡報。
event.ransom,假掰新聞,3,快訊：知名軟體公司遭新型勒索軟體肆虐，駭客開價 {amount}萬，正考驗管理層的智慧。
news.rival_hurt,假掰新聞,4,業界快訊：{rival} 的『AI 驅動雲原生區塊鏈平台』被拆穿，底層是一顆共用 Excel。
news.rival_hurt,竊喜,4,聽說 {rival} 承接的銀行案在半夜大爆炸，他們的工程師已經在機房睡了三天三夜。
news.rival_hurt,黑色幽默,3,{rival} 宣稱導入最新敏捷開發，結果因為每天都在開 Daily，完全沒時間寫 Code。
news.industry,假掰新聞,4,產業動態：數位轉型旗艦計畫預算再度追加，立委質詢痛批多數案子都是『新瓶裝舊酒』。
news.industry,冷笑話,3,業界傳聞：某大廠決定全面淘汰舊系統，改用由 {rival} 用特製 Excel 寫成的核心架構。
news.industry,假掰新聞,3,最新消息：政府宣布將加強軟體採購稽核，業界普遍認為這只會增加更多無意義的報告。
action.upsell_win,竊喜,5,靠著完美的嘴砲成功唬到肥羊，針對《{case}》追加了變更費 {amount}萬，今天又有和牛吃了。
action.upsell_win,黑色幽默,4,你把一個 bug 包裝成『未來擴充介面』，成功向甲方騙到 {amount}萬 的功能變更預算。
action.upsell_win,平述,3,對《{case}》進行追加預算談判成功，順利取得變更設計費 {amount}萬。
action.upsell_stiff,黑色幽默,3,面對預算死板的（{ctype}），你使出渾身解數，最後也只從《{case}》裡寒酸地擠出 {amount}萬。
action.upsell_stiff,悲涼,3,雖然嘴皮子都磨破了，但這種（{ctype}）的預算比石頭還硬，最終只擠出了 {amount}萬。
action.upsell_stiff,平述,3,由於（{ctype}）的預算僵化，追加變更費的嘗試受到限制，僅勉強收回 {amount}萬。
action.upsell_fail,黑色幽默,4,甲方不僅沒買單你的追加功能，還當場摔筆質問：『這不是原本合約就該含的嗎？』
action.upsell_fail,冷笑話,3,話術失敗，甲方看穿了你的意圖，冷冷地說：『我們是 {ctype}，不是盤子。』
action.upsell_fail,平述,3,追加變更預算遭甲方嚴正拒絕，雙方合作關係一度陷入緊張。
action.rescue,黑色幽默,4,狂燒加班費派資深工程師下去救《{case}》，終於把系統從死亡邊緣拉回來，罪孽稍微洗掉了一點。
action.rescue,悲涼,3,工程師們一邊哭一邊改《{case}》的技術債，風險雖然降了，但肝指數也全面亮紅燈。
action.rescue,平述,3,投入核心人力全面搶救《{case}》，成功降低專案風險並修補了部分系統漏洞。
action.resub,黑色幽默,4,完美發揮中間商精神！把《{case}》用三成預算再往下轉包給更嫩的下家，這顆球踢得又高又遠。
action.resub,冷笑話,3,《{case}》被你成功套娃外包，現在連你都不知道到底是誰在寫這份原始碼了。
action.resub,平述,3,將《{case}》部分模組轉包給下游廠商，藉此分散專案風險與開發壓力。
action.mess_report,黑色幽默,4,一封精準的匿名檢舉信寄給了監理機關，{rival} 違規外包的證據確鑿，當場被扣了 {dmg} 點血。
action.mess_report,竊喜,4,檢舉達人上身！檢舉 {rival} 專案經理沒有證照，看著監理機關找上他，他慘扣 {dmg} 血。
action.mess_report,假掰新聞,3,爆料成功，監理機關突擊檢查 {rival} 的專案進度，對手防線大亂，承受 {dmg} 點傷害。
action.mess_rumor,黑色幽默,4,在業界群組放出『{rival} 財務吃緊快倒了』的假消息，客戶紛紛開始動搖，對手當場內傷 -{dmg} 血。
action.mess_rumor,冷笑話,3,散布 {rival} 要引進廉價外包的謠言，搞得他們客戶人心惶惶，成功削弱對手 {dmg} 點血量。
action.mess_rumor,竊喜,3,謠言滿天飛！客戶開始質疑 {rival} 的續航力，對手在驚慌中慘扣 {dmg} 血。
action.mess_poach,竊喜,5,重金從 {rival} 那裡挖來了靈魂工程師{eng}（產能 {stat}），對手痛失大將，當場慘扣 {dmg} 血。
action.mess_poach,黑色幽默,4,你用每天供應免費手搖飲的承諾挖走 {rival} 的{eng}（產能 {stat}），對手氣到吐血 -{dmg}。
action.mess_poach,平述,3,成功挖角 {rival} 的核心開發人員{eng}（產能 {stat}），對手元氣大傷，承受 {dmg} 點打擊。
action.morale,黑色幽默,4,忍痛發了總共 {amount}萬 的獎金，工程師們看在錢的份上，眼神裡終於又有了短暫的靈魂。
action.morale,冷笑話,3,砸了 {amount}萬 發獎金，大家紛紛表示：『謝謝老闆，這樣我又能多撐兩個月不去看身心科了。』
action.morale,平述,3,發放專案激勵獎金共 {amount}萬，有效拉抬了團隊低迷已久的士氣。
card.poison,黑色幽默,4,你把一堆寫死 hardcode 的毒模組包裝成『成熟資產』便宜賣給 {rival}，坑得他當場暴扣 {dmg} 血。
card.poison,冷笑話,3,這套『成熟資產』裡滿滿都是十年前的雷，{rival} 當成寶買回去，系統直接內傷 -{dmg} 血。
card.poison,竊喜,4,完美的特洛伊木馬！將垃圾模組塞給 {rival}，看著他 debug 到崩潰並狂扣 {dmg} 血，心裡真爽。
card.lockin,黑色幽默,5,透過各種特製的非標準介面，將《{case}》深度綁死進甲方的核心，現在他恨透你卻完全換不掉你。
card.lockin,冷笑話,4,《{case}》的架構亂到只有你能通靈，甲方評估換掉你的代價是動搖國本，只好一輩子跪求你維護。
card.lockin,平述,3,成功實施廠商鎖定策略，使《{case}》成為甲方不可或缺的核心，牢牢掌握主導權。
card.refactor,黑色幽默,4,發動緊急重構！把《{case}》裡那些堆疊了三年的複製貼上代碼全部清掉，風險與罪孽奇蹟般大降。
card.refactor,悲涼,3,全團隊不眠不休三天三夜重構《{case}》，雖然風險大降，但地上也多了好幾把頭髮。
card.refactor,平述,3,執行《{case}》的架構優化與程式碼重構，顯著降低了系統潛在風險與技術債。
card.pr,黑色幽默,4,砸大錢找公關公司洗白，買了幾篇『數位轉型楷模』的報導，信譽大幅回補，罪孽瞬間洗清。
card.pr,假掰新聞,3,公關戰大勝！各大科技媒體同步刊登公司誠信經營專題，過往的甩鍋黑歷史被包裝成共創雙贏。
card.pr,平述,3,透過危機公關與和解程序，成功挽回公司社會形象，信譽獲得顯著回補。
card.disaster_cash,竊喜,5,把《{case}》因為我們自己搞砸的爛帳，包裝成『因應法規變更之系統調整』寄給甲方，反而爽進帳 {amount}萬！
card.disaster_cash,黑色幽默,4,系統越爛越賺錢！《{case}》出大包後，你順理成章開了一張 {amount}萬 的緊急搶修帳單，甲方還邊哭邊簽字。
card.disaster_cash,冷笑話,3,把災難變成財富密碼，靠著修復《{case}》自己產生的 bug，又向甲方成功敲詐了 {amount}萬。
blame.win,黑色幽默,4,你搬出『{method}』，甲方將信將疑地收下了這口鍋——《{case}》的爛帳，從此與你無關。
blame.win,冷笑話,3,靠著『{method}』的話術，成功讓《{case}》的責任全落到別人頭上，甲方雖然氣炸但拿你沒轍。
blame.win,竊喜,4,甩鍋成功！一句『{method}』就把《{case}》的延宕責任推得乾乾淨淨，今天又順利下班了。
blame.fail,黑色幽默,4,甩鍋當場翻車！甲方拿出聯絡紀錄當面拆穿，主管冷笑著說：『你當我們 {ctype} 沒人懂技術嗎？』
blame.fail,悲涼,3,精心編造的藉口被甲方工程師一秒戳破，現場氣氛尷尬到極點，信譽與關係徹底惡化。
blame.fail,平述,3,推卸責任的嘗試以失敗告終，遭甲方高層當場駁回，雙方信任基礎完全破裂。
blame.sue,假掰新聞,4,甩鍋大失敗！甲方氣到直接發出律師函，法院正式提告要求公司賠償 {amount}萬 的專案損失。
blame.sue,黑色幽默,3,這次鍋太重沒甩掉，反而砸碎了自己的腳，甲方憤而提告，公司帳戶當場被扣走 {amount}萬。
blame.sue,悲涼,2,法律途徑見！甲方拒絕任何協商並正式起訴，法官判決我方需賠償 {amount}萬，損失極其慘重。
season.terminate,假掰新聞,5,重磅：身為 {ctype} 的甲方忍無可忍，正式宣布終止《{case}》的合約，並依法求償 {amount}萬。
season.terminate,黑色幽默,4,甲方高層拍桌怒吼：『這系統連小學生寫的都不如！』隨即中止合約，丟來一張 {amount}萬 的求償單。
season.terminate,悲涼,3,《{case}》還是走到了終點。甲方憤而解約並求償 {amount}萬，幾季的努力化為泡影。
season.explode,黑色幽默,4,累積了三年的 {ctype} 技術債在今晚全面炸開，《{case}》系統崩潰，客服電話被憤怒的民眾打爆。
season.explode,冷笑話,3,當初為了趕進度留下的地雷同時引爆，《{case}》完美癱瘓，畫面上的 Loading 轉了一輩子。
season.explode,假掰新聞,4,快訊：某大型 {ctype} 核心系統《{case}》傳出全面癱瘓，疑似因長期技術債未清導致連鎖潰敗。
explode.scapegoat,黑色幽默,4,在記者會上把工程師{eng}推出去揹『人為疏失』的黑鍋，雖然公司帳面乾淨了，但團隊士氣瞬間崩盤。
explode.scapegoat,冷笑話,3,你告訴媒體是{eng}按錯鍵，完美保住了公司名譽，但留下來的工程師看你的眼神都充滿了戒備。
explode.scapegoat,悲涼,2,為了安撫甲方，{eng}成了最完美的替罪羔羊。他默默收拾行李離開，帶走了團隊最後的信任。
explode.eat,黑色幽默,4,甩不掉也推不掉，你只好咬緊牙關硬扛，認賠 {amount}萬 來收拾《{case}》留下的史詩級殘局。
explode.eat,悲涼,3,所有的藉口都失效了，公司被迫自掏腰包 {amount}萬 進行緊急搶修，這季的利潤全部吐了回去。
explode.eat,平述,3,面對無法規避的系統災難，公司決定自行吸收 {amount}萬 的虧損，全力收拾專案殘局。
rival.collapse,竊喜,5,{rival} 週轉不靈，正式退出旗艦計畫。你笑著接收了他的殘骸與客戶，+{amount}萬 入帳。
rival.collapse,假掰新聞,4,快訊：老牌軟體商 {rival} 驚傳倒閉，旗下多項政府標案停擺，市場將由同行接手，帶進 {amount}萬 產值。
rival.collapse,黑色幽默,4,{rival} 終於被自己的技術債壓垮宣布破產，你一邊幫他上香，一邊開心地收編他的客戶和 {amount}萬 市場。
rival.inherit,黑色幽默,4,政府半強迫你接下 {rival} 倒閉後留下的《{case}》——這是一個 {ctype} 中沒文件、沒交接的前朝神仙毒案。
rival.inherit,冷笑話,3,你接手了 {rival} 的遺產《{case}》[{ctype}]，打開代碼的那一刻，你覺得這根本是歷史文物考古。
rival.inherit,悲涼,2,被迫接下 {rival} 留下的《{case}》[{ctype}] 爛攤子，沒有交接、沒有架構圖，只有滿滿的詛咒。
audit.clean,黑色幽默,4,監理機關的稽核翻了翻報表，被我們精美的簡報與假資料完美欺騙，有驚無險過關。
audit.clean,竊喜,3,稽核人員查無異常！看來把技術債包裝成『未開放隱藏功能』的策略成功騙過了所有人。
audit.clean,平述,3,順利通過監理機關的專案稽核，所有帳目與合規指標皆符合標準，安全過關。
audit.dodged,黑色幽默,4,大限將至！但在最後關頭你靠著強大的政商公關，成功把稽核小組『擺平』了，下不為例。
audit.dodged,竊喜,4,稽核來勢洶洶，好在公關經理送禮送得及時，對方收起放大鏡，暗示這次先放你一馬。
audit.dodged,平述,3,透過積極的公關協調與高層溝通，成功延緩並規避了本次嚴格的官方稽核。
audit.fined,假掰新聞,4,重罰通報：監理機關查出該公司嚴重的甩鍋史與龐大技術債，依法重罰 {amount}萬 並登上媒體頭條。
audit.fined,黑色幽默,3,稽核一翻開程式碼就吐了，直接認定為重大違規，開出一張 {amount}萬 的罰單，順便幫你上了新聞。
audit.fined,悲涼,2,逃得過初一逃不過十五，稽核清算技術債，重罰 {amount}萬，公司的黑歷史這下全台皆知了。
ending.survive,黑色幽默,4,15季過去了，你活了下來。你的義大利麵代碼已經深深纏進全國系統，客戶雖然恨透你卻永遠換不掉你。
ending.survive,悲涼,3,你活了下來，但代價是團隊的靈魂與名譽。公司成了一台只會蓋章和甩鍋的無情合約機器。
ending.survive,冷笑話,3,恭喜通關！公司既沒壯大也沒倒閉，靠著幾套會自動產生 bug 的系統，成功達成了 IT 界的永續經營。
ending.solo,黑色幽默,5,你熬死了所有對手，獨活到最後。政府養出了一隻靠吃同伴屍體長大、全台拔不掉的核心資訊怪物——就是你。
ending.solo,竊喜,5,戰場上只剩下你了！對手全被你的甩鍋和毒模組坑殺，從今天起，全台灣的肥單都是你的了。
ending.solo,假掰新聞,4,產業終局：該公司完成市場大壟斷，成為國內唯一的特大型軟體中間商，徹底掌控所有採購生殺大權。
ending.lose_cash,悲涼,4,現金流徹底斷鏈，發薪日當天辦公室空無一人。這家曾經叱吒風雲的中間商，就此默默倒閉。
ending.lose_cash,黑色幽默,3,帳戶餘額歸零，連買乖乖的錢都沒了。公司因發不出薪水宣告破產，工程師們連夜搬走了人體工學椅。
ending.lose_cash,假掰新聞,4,快訊：知名軟體顧問公司因資金週轉不靈，驚傳惡性倒閉，數十起進行中的專案陷入停擺。
ending.lose_morale,悲涼,4,團隊集體崩潰，工程師跟業務集體離職。空蕩蕩的辦公室裡只剩下無人維護的伺服器，公司正式解體。
ending.lose_morale,黑色幽默,3,最後一個會看代碼的人也登出了。由於徹底無人可用，公司連履約的簡報都做不出來，只能黯然解散。
ending.lose_morale,冷笑話,3,大家都不幹了！士氣歸零的下場就是集體去開雞排店，這家外包顧問公司正式走入歷史。
ending.lose_audit,假掰新聞,5,重磅：因長期舞弊與重大技術詐欺，該公司遭到監理機關全面清算，永久剔除於旗艦計畫外並勒令解散。
ending.lose_audit,黑色幽默,4,稽核終極大審判！公司的甩鍋與假帳全部見光，法院一紙公文下來，公司直接被強制勒令解散。
ending.lose_audit,悲涼,3,清算的名單上印著公司的名字。在監理機關的鐵腕執法下，所有標案被沒收，公司就此灰飛煙滅。
event.stroke,黑色幽默,4,{eng}連續加班 72 小時後中風送醫，手裡還緊握著寫到一半的《{case}》說明書。
event.stroke,冷笑話,3,{eng}累倒送醫，醫生說他心跳只剩 404 Not Found，《{case}》專案戰力瞬間歸零。
event.stroke,悲涼,2,{eng}被救護車載走時，群組還在跳《{case}》的修改需求，他的位置只剩一杯冷掉的黑咖啡。
event.sales_flee,黑色幽默,4,業務 {sales} 捲走《{case}》訂金 {amount}萬 潛逃，據說他留下的最後一句話是『我去跑外送了』。
event.sales_flee,竊喜,3,業務 {sales} 拿著 {amount}萬 潛逃去澳洲，幸好他逃跑前把《{case}》合約簽完了，這算職災吧？
event.sales_flee,平述,3,業務 {sales} 帶著專案訂金 {amount}萬 搞失蹤，桌上只留下一本『財富自由的秘密』。
event.client_bankrupt,黑色幽默,4,《{case}》的甲方無預警倒閉，辦公室只剩被查封的椅子，剩下 {amount}萬 尾款直接蒸發。
event.client_bankrupt,悲涼,2,辛辛苦苦做完《{case}》，換來的卻是甲方公司的清算破產通知，{amount}萬 尾款成了一紙空文。
event.client_bankrupt,假掰新聞,3,快訊：{ctype} 驚傳財務危機倒閉，承包商苦等之 {amount}萬 工程尾款恐將血本無歸。
event.cloud,黑色幽默,4,雲端全區大當機，機房綠色乖乖過期，《{case}》跟著全球網路一起陷入永夜。
event.cloud,冷笑話,3,雲端服務商說他們有 99.9% 可用性，很不幸，今天就是那剩下的 0.1%，所有專案全面停擺。
event.cloud,平述,3,全球雲端服務中斷，《{case}》系統瞬間與外界斷聯，專案風險指數直線飆升。
event.leftpad,黑色幽默,4,開源套件作者因為不爽被大廠指責而刪除套件，導致《{case}》在編譯時全面崩潰。
event.leftpad,冷笑話,3,一個十一行的開源套件被作者下架，《{case}》整座義大利麵程式碼城堡當場倒塌。
event.leftpad,平述,3,《{case}》依賴的國外底層套件無預警遭作者刪除，專案瞬間卡死在編譯階段。
event.vip_crash,黑色幽默,5,長官視察日，主秘一按按鈕《{case}》直接跳藍畫面，全場官員一臉尷尬地看著你。
event.vip_crash,冷笑話,3,千算萬算，沒算到《{case}》會在長官點擊 Demo 的那零點一秒跳出內部錯誤訊息。
event.vip_crash,悲涼,2,排練了十次的《{case}》Demo，在長官蒞臨的關鍵時刻，無情地跳出了 NullPointerException。
event.vip_ok,竊喜,4,長官視察日，《{case}》剛好沒出包，你成功蹭到一張與局長的握手合照，信譽大增。
event.vip_ok,黑色幽默,4,全靠前端工程師寫死 Mock 資料，長官視察《{case}》順利通過，還誇獎介面很流暢。
event.vip_ok,冷笑話,3,《{case}》在長官點擊時奇蹟般地沒崩潰，你偷偷把手背在後面擦掉掌心的冷汗。
event.poached,黑色幽默,4,{rival} 開出雙倍薪水，挖走了你的王牌工程師 {eng}，順便帶走了《{case}》的所有架構秘密。
event.poached,悲涼,3,{eng} 留下一句『這裡看不到未來』，便跳槽到 {rival}，臨走前帶走了 {stat} 點產能。
event.poached,平述,3,王牌工程師 {eng} 禁不起高薪誘惑跳槽至 {rival}，你的團隊頓時失去 {stat} 點的核心產能。
event.media_exposed,假掰新聞,4,驚爆！網路媒體專題起底，披露你將《{case}》爛帳甩鍋給實習生的黑歷史，引發網民熱議。
event.media_exposed,黑色幽默,4,記者把你的甩鍋對話紀錄做成懶人包上傳，網民封你為『外包界甩鍋達人』，信譽重創。
event.media_exposed,悲涼,2,過去靠『{method}』脫身的醜聞被媒體爆料，原本要談的 {ctype} 案子當場告吹。
event.media_clean,竊喜,4,週刊記者在公司樓下蹲點三天，翻遍了《{case}》的垃圾桶也找不到把柄，最後悻悻然離開。
event.media_clean,冷笑話,3,記者想查你的專案弊案，卻發現你的程式碼亂到連資深駭客都看不懂，只好放棄報導。
event.media_clean,平述,3,外部稽核與媒體聯手調查《{case}》，但因甩鍋紀錄藏得太深，查無實據，無功而返。
event.windfall,竊喜,5,五年前那個《{case}》的陳年應收帳款，今天突然莫名其妙入帳了 {amount}萬，賺爛了！
event.windfall,黑色幽默,4,過期的 {ctype} 專案突然撥款 {amount}萬，看來是甲方會計做帳做錯，你趕緊默默收下。
event.windfall,平述,3,歷史專案《{case}》的尾款 {amount}萬 終於通過審核並匯入戶頭，稍微緩解了燃眉之急。
event.ransom,黑色幽默,4,勒索軟體鎖住了公司所有的開發 NAS，畫面上跳出紅字，索討比特幣折合新台幣 {amount}萬。
event.ransom,冷笑話,3,駭客入侵了《{case}》的伺服器，但發現裡面都是垃圾扣，於是只索討了少少 {amount}萬 的清潔費。
event.ransom,平述,3,全公司源碼備份碟遭惡意勒索軟體加密，駭客留下電子郵件勒索金額高達 {amount}萬。
news.rival_hurt,竊喜,4,聽說 {rival} 承包的 {ctype} 標案今天在驗收時系統當機，局長當場大發雷霆，真是大快人心。
news.rival_hurt,黑色幽默,4,{rival} 的資深架構師在 PTT 爆料內部黑幕，指控高層天天逼大家寫義大利麵程式碼，股價重挫。
news.industry,假掰新聞,4,立法院今日針對數位轉型旗艦計畫進行質詢，多位立委痛批國內 {ctype} 資訊品質流於形式。
news.industry,冷笑話,3,業界傳聞：某知名外包商為了應付勞檢，規定工程師下班後必須改用遠端連線繼續無薪加班。
news.industry,平述,3,經濟部宣布加碼推動全新資訊服務升級專案，各大外包顧問公司已開始摩拳擦掌準備搶標。
action.upsell_win,竊喜,5,你靠著『AI 賦能高併發架構』的話術唬住甲方，成功追加了 《{case}》 的變更費 {amount}萬。
action.upsell_win,黑色幽默,4,只是把網頁按鈕從方形改到圓形，你搬出使用者體驗大道理，跟甲方多收了 {amount}萬 的需求變更費。
action.upsell_win,冷笑話,3,甲方竟然相信了你的『量子優化雲端架構』，爽快地在《{case}》追加合約上簽字，進帳 {amount}萬。
action.upsell_stiff,平述,3,你試圖對《{case}》追加預算，但這種 {ctype} 預算卡得很死，磨了半天只勉強擠出 {amount}萬。
action.upsell_stiff,黑色幽默,3,這家 {ctype} 出了名的鐵公雞，你講得天花亂綴，最後《{case}》也只肯多給 {amount}萬 的茶水費。
action.upsell_stiff,悲涼,2,好不容易說服甲方修改《{case}》功能，但受限於合約法規，最終只拿到了微薄的 {amount}萬 補助。
action.upsell_fail,黑色幽默,4,你把『重啟伺服器』包裝成高級維護方案推銷，結果被甲方技術長當場識破，場面一度十分尷尬。
action.upsell_fail,悲涼,3,想對《{case}》獅子大開口追加預算，結果甲方不但沒買單，還覺得你把他們當肥羊耍，關係降到冰點。
action.upsell_fail,冷笑話,3,話術太假掰，連對資訊一竅不通的甲方窗口都聽不下去，直接退回了你的《{case}》預算變更申請。
action.rescue,平述,3,不得不發包或派幾名工程師去救《{case}》，天天熬夜爆肝，總算把專案風險給壓了下去。
action.rescue,黑色幽默,4,你派出了最會通霄加班的肝帝團隊接管《{case}》，用新鮮的肝換取專案風險的些微下降。
action.rescue,悲涼,3,為了挽救快要夭折的《{case}》，工程師們只能一邊擦眼淚一邊重寫程式碼，勉強洗掉了一點罪孽。
action.resub,黑色幽默,4,你把《{case}》以三分之一的價格轉包給更下游的工作室，完美地將皮球踢給了沒經驗的大學生。
action.resub,冷笑話,3,《{case}》轉包成功！你現在不是開發商，你只是個尊貴的『規格書搬運工』與『爛攤子中轉站』。
action.resub,平述,3,將《{case}》的部分核心開發工作發包給更下游的中小企業，成功分散了專案暴斃的風險。
action.mess_report,竊喜,4,你具名向主管機關檢舉 {rival} 違反資安規定，監理機關立刻上門稽查，看著他當場扣了 {dmg} 點血。
action.mess_report,黑色幽默,4,一封匿名檢舉信，告發 {rival} 專案經理偽造簽入紀錄，成功引來勞檢，害他當場失血 {dmg} 點。
action.mess_report,平述,3,檢舉 {rival} 的外包原始碼抄襲開源專案，驚動了監理機關介入調查，重挫其體力 {dmg} 點。
action.mess_rumor,竊喜,4,你在科技業群組放出 {rival} 現金流斷裂、快要倒閉的假消息，急得他的客戶紛紛動搖，使其扣血 {dmg} 點。
action.mess_rumor,黑色幽默,4,小道消息指出 {rival} 負責人準備捲款潛逃，雖然是假的，但成功引發客戶集體恐慌，讓他大失血 {dmg} 點。
action.mess_rumor,冷笑話,3,你造謠說 {rival} 辦公室的綠色乖乖全部換成了黃色五香，客戶一聽嚇得紛紛抽單，重傷他 {dmg} 點血。
action.mess_poach,竊喜,5,成功從 {rival} 那裡挖角了資深工程師 {eng}，現賺 {stat} 點產能，還順手砍了對手 {dmg} 點血。
action.mess_poach,黑色幽默,4,用每天免費供應下午茶的條件，就把 {rival} 的核心開發者 {eng} 給拐了過來，害對方重傷失血 {dmg} 點。
action.mess_poach,平述,3,挖角對手大將 {eng}，不僅為公司注入 {stat} 點產能，更直接打擊了 {rival} 的開發進度，使其扣血 {dmg} 點。
action.morale,黑色幽默,4,為了挽回快崩潰的團隊士氣，你忍痛發了總計 {amount}萬 的獎金，工程師們看在錢的面子上決定再熬一晚。
action.morale,冷笑話,3,發放了總額 {amount}萬 的『爆肝安慰獎金』，雖然治不好黑眼圈，但至少大家看螢幕的眼神多了一點光。
action.morale,平述,3,提撥 {amount}萬 作為階段性達標獎金發放給基層，團隊低迷的士氣終於迎來了顯著的回升。
card.poison,黑色幽默,4,你把一個埋滿了死結與記憶體漏失的毒模組包裝成『成熟資產』賣給 {rival}，坑得他當場大失血 {dmg} 點。
card.poison,竊喜,5,高明！將充滿歷史技術債的舊架構包裝成企業級解決方案塞給 {rival}，害他們維護到吐血，狂扣 {dmg} 點。
card.poison,冷笑話,3,{rival} 滿心歡喜地收下了你分享的『資深架構元件』，卻不知那是個定時炸彈，當場炸掉他 {dmg} 點血。
card.lockin,黑色幽默,5,你把《{case}》寫得像迷宮一樣，除了你沒人看得懂，甲方雖然恨透了你，但為了系統運作根本換不掉你。
card.lockin,竊喜,4,成功將專案程式碼與你的個人伺服器綁定，這下《{case}》徹底綁死在甲方核心，他們一輩子都得付你維護費。
card.lockin,冷笑話,3,《{case}》的底層充斥著只有你能解開的神秘黑魔法，甲方技術長看了搖頭嘆氣，卻也只能乖乖續約。
card.refactor,平述,3,下定決心對《{case}》進行全面性的緊急重構，清理了大量歷史垃圾程式碼，風險與罪孽雙雙大降。
card.refactor,黑色幽默,4,工程師不眠不休把《{case}》的義大利麵條理順成了通心粉，雖然還是麵，但專案風險總算大幅下降了。
card.refactor,悲涼,3,刪除了數萬行沒人敢動的陳年舊碼後，《{case}》奇蹟般地變快了，過去累積的專案罪孽也隨之洗清。
card.pr,黑色幽默,4,砸下大筆預算和解公關，找網紅拍片宣導公司對社會的資訊貢獻，罪孽瞬間大降，信譽補滿。
card.pr,假掰新聞,3,發布新聞稿澄清之前的專案爭議，並宣布成立數位公益基金，成功扭轉企業形象，信譽大幅回補。
card.pr,平述,3,透過專業公關團隊進行危機處理與媒體洗地，平息了《{case}》的負面輿論，罪孽大降、信譽回升。
card.disaster_cash,竊喜,5,高招！你把《{case}》因為自己疏失產生的爛帳，包裝成『非預期系統環境優化』寄給甲方，反而進帳 {amount}萬。
card.disaster_cash,黑色幽默,4,《{case}》系統炸裂，你卻藉機向甲方宣稱需要緊急調度專家支援，最後居然順利收到了 {amount}萬 的急件處理費。
card.disaster_cash,冷笑話,3,把專案的災難現場變成提款機，甲方為了息事寧人，居然乖乖支付了專案善後特別預算 {amount}萬。
blame.win,竊喜,4,憑著三寸不爛之舌用『{method}』成功把《{case}》的出包甩鍋給協力廠商，自己拍拍屁股完美脫身。
blame.win,冷笑話,3,開會時用『{method}』把系統崩潰解釋成天災，甲方雖然氣到火冒三丈，卻找不到法律依據告你。
blame.fail,黑色幽默,4,甩鍋翻車！你試圖用話術搪塞，卻被甲方的資深資訊顧問當場用 log 紀錄打臉，信譽徹底掃地。
blame.fail,悲涼,3,甩鍋失敗的代價是沉重的，甲方當場拆穿了你的謊言，雙方關係徹底惡化，再也沒有合作可能。
blame.fail,平述,3,在《{case}》的危機檢討會上編造藉口失敗，被甲方點出核心關鍵，甩鍋計畫當場破功。
blame.sue,悲涼,4,甩鍋大失敗，甲方徹底失去耐性直接提告，法庭判決公司必須賠償高達 {amount}萬 的違約損失。
blame.sue,假掰新聞,4,最新消息：因《{case}》系統延宕且惡意推諉責任，承包商遭甲方正式起訴，恐將面臨 {amount}萬 的天價索賠。
blame.sue,黑色幽默,4,你想把鍋甩給實習生，結果甲方氣到直接請律師發存證信函，這下非但沒脫身，還要倒貼 {amount}萬 賠償金。
season.terminate,悲涼,4,《{case}》這口爛井終究引來了惡果，這家 {ctype} 甲方忍無可忍，正式宣告終止合約並依法求償 {amount}萬。
season.terminate,假掰新聞,4,快訊：由於長期的專案品質不佳，該 {ctype} 決定與承接商終止《{case}》契約，並追討 {amount}萬 的賠償金。
season.terminate,黑色幽默,4,甲方窗口哭著說他再也不想看到你的臉，隨後寄來了《{case}》解約通知書，順便附帶了一張 {amount}萬 的求償帳單。
season.explode,黑色幽默,5,經年累月堆積的技術債終於在今天集體引爆，《{case}》這座由 {ctype} 委託的巨型義大利麵系統宣告全面崩潰。
season.explode,悲涼,4,再多的補丁也救不回底層的腐爛，隨著最後一隻蟲的觸發，《{case}》[{ctype}] 系統在跨年夜徹底炸裂。
season.explode,冷笑話,3,《{case}》[{ctype}] 的技術債多到連資料庫都選擇放棄思考，系統在今天正式宣告陣亡，神仙難救。
explode.scapegoat,黑色幽默,4,你把寫出第一行程式碼的工程師 {eng} 推出去揹上『人為疏失』的黑鍋，雖然帳面乾淨了，但全隊士氣瞬間見底。
explode.scapegoat,悲涼,3,為了應付甲方的怒火，你開除了無辜的 {eng} 來當作祭品，看著他落寞收拾桌子的背影，辦公室一片死寂。
explode.scapegoat,平述,3,將《{case}》崩潰的責任全數歸咎於工程師 {eng} 的操作不當，成功對外交代，卻也徹底摧毀了團隊內部信任。
explode.eat,平述,3,無路可退，你只能選擇硬扛下所有責任，自掏腰包砸下 {amount}萬 預算，沒日沒夜地收拾《{case}》留下的殘局。
explode.eat,悲涼,4,甩鍋招式全部失效，你只得認賠 {amount}萬，逼著所有人吞下胃藥，留下來應付《{case}》這爛攤子。
explode.eat,黑色幽默,4,你一邊痛哭一邊簽下 {amount}萬 的虧損支票，這就是試圖用雞腿換大卡車專案的最終代價，《{case}》的殘局還是得自己收。
rival.collapse,黑色幽默,4,天道好還！對手 {rival} 因為技術債炸裂宣告破產，你趁火打劫接收了他們的市場份額，順便進帳 {amount}萬。
rival.collapse,假掰新聞,4,快訊：資深外包商 {rival} 今日驚傳倒閉，其原有的市場份額預計將由同行瓜分，估計帶來約 {amount}萬 的商機。
rival.inherit,黑色幽默,4,政府半強迫你接下 {rival} 倒閉後留下的《{case}》[{ctype}]，這是一個沒有任何文件、全靠通靈開發的神仙毒案。
rival.inherit,悲涼,4,上頭一紙公文，命令你限期接手 {rival} 放棄的《{case}》[{ctype}]，面對毫無交接的前朝遺毒，你欲哭無淚。
rival.inherit,冷笑話,3,恭喜獲得福袋！你被強迫繼承了 {rival} 的遺產——一個充滿詛咒、架構成謎的 《{case}》[{ctype}] 專案。
audit.clean,平述,3,監理機關的專業稽核上門抽查，好在帳面做得很乾淨，各項指標皆符合規範，有驚無險地順利過關。
audit.clean,黑色幽默,4,靠著會計與專案經理聯手打造的完美假帳，監理機關翻了半天沒看出端倪，《{case}》成功躲過一劫。
audit.clean,竊喜,3,稽核人員翻看著漏洞百出的系統，卻被你準備的精美簡報給唬了過去，拍拍你的肩膀宣布順利結案。
audit.dodged,黑色幽默,4,官方稽核風雨欲來，你連夜請高層喝茶、找公關居中協調，終於大事化小，下不為例。
audit.dodged,竊喜,4,眼看稽核就要查到關鍵的甩鍋紀錄，你及時發動公關攻勢轉移焦點，成功擺平了這場滅頂之災。
audit.dodged,平述,3,面對監理機關的步步逼近，你動用人脈進行了一場教科書級的公關游擊戰，成功讓稽核雷聲大雨點小地落幕。
audit.fined,假掰新聞,5,震驚！監理機關查出你長年甩鍋與隱瞞技術債的惡劣行徑，依法重罰 {amount}萬，並登上財經版頭條。
audit.fined,悲涼,4,稽核大刀砍下，你過去隱瞞的所有爛帳被一次翻出，不僅要繳納 {amount}萬 的罰鍰，商譽更是毀於一旦。
audit.fined,黑色幽默,4,監理機關不費吹灰之力就查到了你隱藏的技術債，一張 {amount}萬 的罰單直接寄到公司，這下全業界都知道了。
ending.survive,悲涼,5,15 季過去了，你活了下來。你做出的那坨義大利麵程式碼早已深深纏進了全國資訊系統，客戶雖然恨你，卻永遠換不掉你。
ending.survive,黑色幽默,4,你成功生存了下來。公司沒有創造任何科技奇蹟，但憑藉著無人能解的核心架構，你們成了大企業拔不掉的吸血水蛭。
ending.survive,平述,3,撐過了漫長的 15 季，雖然名聲狼藉，但靠著與各大甲方的利益綑綁，這家外包公司成功在市場上站穩了腳步。
ending.solo,黑色幽默,5,對手全數覆滅，你獨自存活。政府本想培育資訊航母群，卻養出了一隻靠著吃同伴屍體長大、再也拔不掉的資訊怪物——就是你。
ending.solo,竊喜,5,市場上再也沒有對手。你熬死了所有同行，獨吞了所有的肥大標案，你就是這個外包食物鏈最頂端的終極霸主。
ending.solo,悲涼,4,舉目望去，四周已是一片焦土。你靠著不斷地下包與甩鍋熬死了所有人，成為了這座由技術債築成的荒蕪帝國裡唯一的孤王。
ending.lose_cash,悲涼,5,現金流徹底斷鏈，下個月的薪水一毛也發不出來，工程師們默默收拾行李離開，公司在無聲中宣告倒閉。
ending.lose_cash,假掰新聞,4,財經快訊：知名軟體外包商因長期過度擴張與工程款延宕，今日因現金斷鏈正式宣告破產倒閉。
ending.lose_cash,黑色幽默,4,存摺餘額歸零，連買綠色乖乖的錢都付不出來。你站在空無一人的辦公室裡，終於明白外包中間商不是那麼好當的。
ending.lose_morale,悲涼,5,無止盡的加班與甩鍋終於壓垮了所有人，團隊集體崩潰離職，看著空蕩蕩的辦公室，你明白這家公司已經徹底解體。
ending.lose_morale,黑色幽默,4,工程師與業務在同一個下午集體退群，辦公室裡只剩下一台還在瘋狂報錯的伺服器，無人可用，公司正式完蛋。
ending.lose_morale,平述,3,團隊士氣徹底歸零，員工成群結隊向勞工局申訴，公司因核心開發與業務人員流失殆盡，被迫宣告解散。
ending.lose_audit,假掰新聞,5,突發：監理機關完成對該外包商的全面清算，因情節重大，正式將其踢出國家旗艦計畫並勒令解散。
ending.lose_audit,黑色幽默,4,監理機關丟來一份厚達千頁的犯罪與欺瞞報告，直接撤銷了你的營業執照，你的外包帝國在公權力面前煙消雲散。
ending.lose_audit,悲涼,4,所有的甩鍋手段在國家級的清算面前都成了笑話，公司被強制註銷並逐出所有政府專案，落得個身敗名裂的下場。
event.stroke,冷笑話,4,{eng}倒下前最後一句話是『我先 push 一下』，救護車到的時候 CI 還沒跑完。
event.stroke,黑色幽默,3,人資走到{eng}空掉的座位，默默把徵才條件加上『抗壓性極高』。
event.delrepo,黑色幽默,4,{eng}離職前把《{case}》的 repo 刪好刪滿，交接文件只有兩個字：『問神。』
event.delrepo,冷笑話,3,主管問備份在哪，{eng}已讀不回，Git 紀錄只剩 force push 的傷痕。
event.sales_flee,黑色幽默,4,{sales}捲走 {amount}萬，群組大頭貼換成夕陽，個性簽名改成『去尋找更好的自己』。
event.sales_flee,假掰新聞,3,快訊：業務{sales}攜 {amount}萬 訂金失聯，最後定位在機場貴賓室，關機前傳來『相信我』。
event.ransom,冷笑話,4,駭客鎖了 NAS 開價 {amount}萬，還附滿意度調查表，服務比你的下包商周到。
event.ransom,黑色幽默,4,勒索信寫『貴公司資安漏洞百出』，資訊部表示：這是今年收到最專業的一份稽核報告。
event.client_bankrupt,黑色幽默,4,《{case}》的甲方倒了，欠款正式轉為功德，主管宣布這期功德迴向給下一個案子。
event.client_bankrupt,假掰新聞,3,快訊：甲方無預警歇業，《{case}》尾款正式列入都市傳說，僅存於簡報之中。
event.cloud,冷笑話,4,雲端全區大當機，老闆終於核准採購第二包乖乖：綠色，加大。
event.cloud,黑色幽默,3,機房斷線三小時，全公司產能創今年新高——反正平常也是在等部署。
event.leftpad,黑色幽默,3,某開源作者心情不好刪了套件，《{case}》跟著陪葬，你連他頭像長怎樣都不知道。
event.leftpad,冷笑話,4,《{case}》整棟系統掛在一個沒人聽過的小套件上，死因欄只能填『信任』。
event.vip_crash,黑色幽默,4,長官一點下去《{case}》就轉圈圈，你解釋這是『沉浸式載入體驗』。長官沒有沉浸。
event.vip_crash,悲涼,3,排練十次都沒事，長官按第一下就 500——《{case}》深知什麼場合該表演。
event.vip_ok,竊喜,4,《{case}》在長官面前穩如老狗，因為你昨晚把每顆按鈕都接到同一張截圖。
event.vip_ok,黑色幽默,3,Demo 全程沒有當機。長官很滿意，你比長官更驚訝。
event.poached,黑色幽默,3,{rival} 挖走{eng}（產能 {stat}），交接文件他寫了三行，第三行是『祝好運』。
event.poached,悲涼,3,{eng}走的那天把座位收得特別乾淨，乾淨得像沒有人在這裡加過班。
event.media_exposed,黑色幽默,4,你的甩鍋史上了爆料公社，最傷的是留言區：『還好啦，業界都這樣。』
event.media_exposed,假掰新聞,3,獨家：外包商甩鍋對話流出，留言處處是同行認親：『這不是我們公司嗎？』
event.media_clean,竊喜,3,記者追查三週宣告放棄——你們的專案亂到連弊案都藏得毫無規律可循。
event.media_clean,冷笑話,3,爆料無疾而終，因為爆料者自己也說不清楚你們公司到底哪裡『正常』過。
event.windfall,竊喜,3,五年前的陳年尾款突然入帳 {amount}萬，會計核對三次才敢相信甲方會還錢。
event.windfall,黑色幽默,3,{amount}萬 從天而降，匯款人是一家你以為早就倒掉的甲方。功德果然有迴向。
news.rival_hurt,竊喜,3,聽說 {rival} 的驗收現場連投影機都當機，甲方鼓掌：『至少整套系統很一致。』
news.rival_hurt,假掰新聞,4,業界快訊：{rival} 導入 AI 協作開發，AI 試用三天後主動提出離職。
news.industry,假掰新聞,3,產業快訊：旗艦計畫再度滾動式調整，業者表示已經滾到失去方向感。
news.industry,冷笑話,3,立委質詢：系統為什麼一直改版？官員：因為廠商一直請款。全場靜默三秒。
action.upsell_win,竊喜,4,你把『修 bug』寫成『系統韌性強化工程』，甲方加碼 {amount}萬，說終於有人懂他們。
action.upsell_win,黑色幽默,4,一頁簡報、三個英文縮寫，《{case}》變更費 {amount}萬 入袋。知識就是力量。
action.upsell_stiff,悲涼,3,你講了四十分鐘的願景，這家 {ctype} 的會計只回『上限就這樣』，擠出 {amount}萬。
action.upsell_stiff,黑色幽默,3,（{ctype}）的預算像石頭，你磨破嘴皮，也只鑿下 {amount}萬 的碎屑。
action.upsell_fail,冷笑話,3,甲方聽完報價冷冷地說：『我們雖然是 {ctype}，但我們也會上網比價。』
action.upsell_fail,黑色幽默,3,話術剛起手，窗口就把你上次的報價單放在桌上。會議提前結束。
action.rescue,黑色幽默,3,救火隊進駐《{case}》，修一個 bug 冒出三個，但至少現在冒的方向是可控的。
action.rescue,悲涼,3,工程師連爆三晚把《{case}》從懸崖邊拉回來，慶功方式是今晚只加班到十點。
action.mess_report,竊喜,3,檢舉信寄出四十八小時，{rival} 的辦公室來了三位穿背心的訪客，血條 -{dmg}。
action.mess_report,黑色幽默,4,你檢舉 {rival} 拿實習生充資深顧問。你們也這樣做，但先檢舉的就是贏，-{dmg} 血。
action.mess_rumor,冷笑話,4,你在三個群組各講半句話，拼起來就是 {rival} 要倒了。客戶自行完成想像，-{dmg} 血。
action.mess_rumor,黑色幽默,3,造謠一張嘴，成本 $0、殺傷 -{dmg}；闢謠的是 {rival} 全公司加班一週。
action.mess_poach,竊喜,4,你用『不用寫週報』四個字挖動了 {rival} 的{eng}（產能 {stat}），對手 -{dmg} 血。
action.mess_poach,黑色幽默,3,{eng}帶槍投靠，順便把 {rival} 的痛點清單背了過來。這 -{dmg} 血扣得有憑有據。
action.morale,冷笑話,4,你發了 {amount}萬 獎金，同仁們把離職信從桌面移到資源回收桶。沒有清空，但移了。
action.morale,黑色幽默,3,獎金 {amount}萬 下去，辦公室嘆氣頻率從每分鐘三次降到一次。值得。
card.disaster_cash,竊喜,3,《{case}》炸得越大，『緊急處理報價單』開得越理直氣壯，甲方含淚簽下 {amount}萬。
card.disaster_cash,黑色幽默,3,自己放的火自己救，救火費 {amount}萬。商業模式的完美閉環。
card.poison,黑色幽默,4,你把十年陳的技術債打包成『企業級成熟元件』送給 {rival}，附保固：保證固定當機。-{dmg} 血。
card.poison,冷笑話,3,{rival} 收下你的『戰略合作模組』還發新聞稿慶祝；三週後改發道歉聲明，-{dmg} 血。
card.lockin,竊喜,3,綁架條款生效——《{case}》想換掉你得先重寫半套系統。甲方算完成本，默默續了三年約。
card.lockin,黑色幽默,3,《{case}》的設定檔從此只有你看得懂，甲方的採購自由鎖進了你的私人筆記本。
card.refactor,黑色幽默,3,全隊閉關重構《{case}》，刪掉的舊程式碼印出來能鋪滿整層樓，罪孽隨碎紙機一起清空。
card.refactor,冷笑話,3,重構完成，《{case}》跑得太順，PM 一度以為是壞掉了。
card.pr,假掰新聞,3,三篇業配、一支形象影片，你從『甩鍋慣犯』洗成『數位轉型推手』，效率遠勝重構。
card.pr,黑色幽默,3,公關公司開價不菲，但成功把你的黑歷史壓到搜尋結果第三頁。物超所值。
blame.win,竊喜,3,一句『{method}』出口，會議室安靜三秒，甲方把矛頭轉向了不在場的人。平安下庄。
blame.win,黑色幽默,3,『{method}』這句你練了三年，今天在《{case}》檢討會上終於完美發揮。
blame.fail,黑色幽默,4,你剛講完藉口，甲方就投影出你上週的郵件。原來對面也有在做版本控制。
blame.fail,悲涼,3,話術講到一半，你發現甲方窗口以前也當過乙方。行家面前，鍋甩不動。
blame.sue,假掰新聞,3,律師函比道歉信先到，求償 {amount}萬，附件整理得比你們的技術文件還完整。
blame.sue,黑色幽默,3,鍋沒甩出去，反彈回來成了 {amount}萬 的判決書。物理學稱之為作用力與反作用力。
season.terminate,黑色幽默,4,甲方終止《{case}》的公文寫了三頁、求償 {amount}萬，結尾仍不失禮貌：『祝 商祺』。
season.terminate,悲涼,3,《{case}》解約這天，{ctype} 窗口連罵都懶得罵了，只寄來 {amount}萬 的帳單。
season.explode,冷笑話,4,《{case}》炸了，監控系統毫無警報——因為監控也是同一批人寫的。
season.explode,黑色幽默,3,《{case}》的技術債今晚統一清算，系統用最後一口氣發出十萬封錯誤通知，非常盡責。
explode.scapegoat,悲涼,3,記者會上{eng}低頭念著不是他寫的道歉稿，台下的團隊都認得那份稿子的字體。
explode.scapegoat,黑色幽默,3,{eng}揹著『人為疏失』離開後，留下來的人為了不當下一個{eng}，開始互相截圖。
explode.eat,黑色幽默,3,你簽下 {amount}萬 的認賠單，安慰自己至少罪孽沒增加。會計表示：罪孽不能列帳。
explode.eat,悲涼,3,硬扛 {amount}萬，這一季白做了。你在位子上多坐了十分鐘，才有力氣起身關燈。
rival.collapse,竊喜,4,{rival} 倒閉清算，你去『致意』順便帶回客戶名單，+{amount}萬。告別式辦得像說明會。
rival.collapse,假掰新聞,4,快訊：{rival} 不支倒地，同業火速進場，市場人士形容『屍骨未寒，報價已到』。
rival.inherit,黑色幽默,4,你接收 {rival} 留下的《{case}》，打開 repo 只有一個 README，內容是『對不起』。
rival.inherit,冷笑話,4,前朝的《{case}》[{ctype}] 沒文件沒交接，唯一的註解寫著：『別動這行，會爆。』
audit.clean,竊喜,3,稽核員翻了一整天，你的帳乾淨得讓他起疑。但起疑，不能開罰單。
audit.clean,黑色幽默,3,這次稽核安全下庄——感謝會計的巧手，以及稽核員五點要接小孩的行程。
audit.dodged,黑色幽默,4,稽核火力全開之際，公關把場面『協調』掉了。發票品名：顧問服務費。
audit.dodged,竊喜,3,稽核員收起放大鏡：『下次不會這麼好過。』你點頭如搗蒜，內心已在規劃下次。
audit.fined,假掰新聞,3,重罰 {amount}萬！報告指出貴公司技術債『已具系統性風險』——你被寫進系統性風險了。
audit.fined,悲涼,3,罰單 {amount}萬，附一份你們的違規年表，整理得比你自己的紀錄還完整。
ending.survive,黑色幽默,4,十五季過去，公司沒倒。你的程式碼像釘子戶釘在全國系統裡，都更都得繞著你走。
ending.survive,悲涼,3,你活下來了。慶功宴上沒人笑得出來——因為下一個旗艦計畫，已經在招標了。
ending.solo,黑色幽默,4,四塊招牌都下架了，政府發現全國系統只剩你會修——這下，換你開規格了。
ending.solo,竊喜,4,大逃殺落幕。你站在四塊墓碑中間簽下獨家維護約，單價欄是你自己填的。
ending.lose_cash,悲涼,3,帳戶歸零那天，最後一位工程師把乖乖放上伺服器才離開。系統比公司活得久。
ending.lose_cash,黑色幽默,4,你倒閉的消息傳出，同行紛紛致哀，並於當天下午聯繫了你所有的客戶。
ending.lose_morale,黑色幽默,4,全公司在同一個下午已讀不回。離職系統最後一筆紀錄的理由欄：『不用了，謝謝。』
ending.lose_morale,悲涼,3,士氣歸零的公司連倒閉都很安靜。沒有人罵你——罵人也是需要力氣的。
ending.lose_audit,假掰新聞,4,清算報告長達千頁，媒體只摘了一句：『該公司之營運模式，即為風險本身。』
ending.lose_audit,黑色幽默,4,撤照公文送達，你終於見到一份零錯字、格式完美的文件——可惜是判你死刑的那份。
news.industry,假掰新聞,3,快訊：政院宣示公部門系統全面 AI 化，各機關率先導入的功能是自動產生會議紀錄。
news.industry,冷笑話,3,業界流傳一份《標案避雷指南》，第一頁寫著：無雷之標，不存在。
news.industry,假掰新聞,4,產業快訊：某部會系統上線三天湧入五筆申請，官員表示『符合預期流量』。
news.industry,冷笑話,3,調查顯示外包工程師平均壽命與專案驗收次數呈負相關，廠商回應：再研究。
news.industry,假掰新聞,3,快訊：數位轉型白皮書再版，較前版新增兩章，刪除的承諾則未列入版本紀錄。
news.industry,黑色幽默,3,今年資訊月主題是『智慧國家』，會場報到系統當機，改用紙本簽到。
news.rival_hurt,竊喜,4,聽說 {rival} 的專案上了新聞——是社會版。
news.rival_hurt,黑色幽默,3,{rival} 為了趕驗收全員住公司，保全以為遭到占領，報了警。
news.rival_hurt,假掰新聞,3,快訊：{rival} 導入敏捷開發第二年，尚未產出可運行版本，但站立會議已縮短至四十分鐘。
news.rival_hurt,竊喜,3,{rival} 的甲方在會議上直接問『能不能換一家』，聲音大到隔壁棟都聽見。
news.rival_hurt,冷笑話,3,{rival} 的系統被抓到把錯誤訊息翻成英文再顯示，假裝是國外套件的問題。
news.rival_hurt,黑色幽默,3,{rival} 徵才頁掛出『抗壓性極高、能接受彈性下班』，業界秒懂，投遞數歸零。
action.upsell_win,竊喜,4,你把甲方十年前的需求文件原樣念一遍，包裝成『全新藍圖』，《{case}》進帳 {amount}萬。
action.upsell_win,黑色幽默,4,甲方問這功能難嗎？你沉默了七秒。這七秒價值 {amount}萬。
action.upsell_win,冷笑話,3,你在《{case}》報價單加上『雲原生』三個字，金額多了一個逗點，成交 {amount}萬。
action.upsell_win,竊喜,3,變更單寫『依主管機關要求調整』，甲方看到主管機關五個字直接用印，+{amount}萬。
action.upsell_win,黑色幽默,3,你告訴甲方不加購資安模組出事會上新聞。甲方付了 {amount}萬。這叫風險溝通。
action.upsell_win,平述,2,《{case}》追加變更談判順利，取得 {amount}萬，會議在雙方各自認為賺到中結束。
action.upsell_fail,冷笑話,3,你的簡報第三頁還沒翻，甲方就說：『這頁我們去年看過了。』
action.upsell_fail,黑色幽默,4,甲方請來的新顧問聽完報價笑出聲。你認得他——你三年前資遣的工程師。
action.upsell_fail,悲涼,2,話術講完，會議室安靜得能聽到冷氣滴水。窗口說：我們再內部討論。沒有然後。
action.upsell_fail,冷笑話,3,你說這是業界行情，甲方打開筆電：『我們爬了三年的標案決標價。』
action.upsell_fail,黑色幽默,3,追加預算被拒，甲方還順手把上季那筆『緊急處理費』圈起來，說改天聊聊。
action.upsell_fail,平述,2,變更報價遭退回，理由欄只有四個字：原約已含。
action.rescue,黑色幽默,3,救火隊翻開《{case}》的原始碼，安靜了很久。帶隊的說：先確立我們不是來考古的。
action.rescue,冷笑話,3,工程師修好《{case}》最大的雷之後，在註解留下：此處曾有戰爭。
action.rescue,悲涼,2,特種隊救回了《{case}》，代價是三張人體工學椅的形狀永久改變。
action.rescue,黑色幽默,3,你派{eng}下去救《{case}》，他的第一個需求是先關掉告警——不然沒辦法專心。
action.rescue,竊喜,3,《{case}》風險壓下來了，甲方以為是系統自己好的。你不打算糾正這個誤會。
action.rescue,平述,2,救援行動結束，《{case}》暫時穩定，工程師們獲得一頓宵夜與短暫的尊嚴。
action.mess_report,黑色幽默,3,檢舉信你改了五版，比你們家任何一份技術文件都用心。{rival} -{dmg} 血。
action.mess_report,竊喜,3,監理機關受理時說『感謝熱心民眾』。熱心民眾看著 {rival} 掉了 {dmg} 血。
action.mess_report,冷笑話,4,你檢舉 {rival} 文件造假。查證屬實——那份文件還是跟你們買的模板。-{dmg} 血。
action.mess_report,黑色幽默,3,匿名檢舉信寄出前，你特地換了字型，免得被認出來。{rival} 中招 -{dmg} 血。
action.mess_report,假掰新聞,3,據悉主管機關突擊稽查 {rival}，知情人士指檢舉內容『專業到像同行寫的』。-{dmg} 血。
action.mess_report,竊喜,3,{rival} 忙著寫申復書的兩週，標案全缺席。檢舉的後勁比罰款痛，-{dmg} 血。
action.mess_rumor,黑色幽默,4,你只是在電梯裡嘆了口氣說『{rival} 唉』，下午全業界都知道他們不行了。-{dmg} 血。
action.mess_rumor,冷笑話,3,謠言第三天 {rival} 開記者會澄清。沒人記得謠言，大家只記得他們開了記者會。-{dmg} 血。
action.mess_rumor,竊喜,3,你放的假消息被加油添醋轉了四手，回到你耳裡時連你都信了。{rival} -{dmg} 血。
action.mess_rumor,黑色幽默,3,『聽說他們核心工程師只剩一個』——這句話同時傷害了 {rival} 和事實。-{dmg} 血。
action.mess_rumor,假掰新聞,3,市場盛傳 {rival} 資金吃緊，該公司澄清財務健全，股價聞訊下跌。-{dmg} 血。
action.mess_rumor,冷笑話,3,你造謠 {rival} 要被併購。他們老闆親自闢謠：『想併我們的還沒出生。』客戶更慌了，-{dmg} 血。
action.mess_poach,竊喜,4,面試時{eng}只問：『你們幾點下班？』你說了一個數字，他隔天就來了。{rival} -{dmg} 血。
action.mess_poach,黑色幽默,3,你挖來 {rival} 的{eng}（產能 {stat}），歡迎儀式是直接發給他三個火燒中的案子。-{dmg} 血。
action.mess_poach,冷笑話,3,{eng}離開 {rival} 時帶走了肌肉記憶裡的所有密碼。你們資安部門又愛又怕。-{dmg} 血。
action.mess_poach,竊喜,3,挖角談判只花十分鐘——{rival} 早把離職動機培養好了，你只出了個價。-{dmg} 血。
action.mess_poach,黑色幽默,3,{eng}報到第一天就改掉 {rival} 時期的舊習慣：先看合約再答應需求。產能 {stat}，好人才。
action.mess_poach,平述,2,成功自 {rival} 延攬{eng}（產能 {stat}），對方人資的挽留電話比你的聘書晚了兩小時。-{dmg} 血。
action.morale,黑色幽默,3,獎金 {amount}萬 入帳那天，全公司的鬧鐘不約而同從 8:59 改回 8:30。
action.morale,冷笑話,3,你發了 {amount}萬，茶水間的對話從『撐不下去了』升級成『再撐一下好了』。
action.morale,竊喜,3,獎金發下去，有人默默清掉了求職網站的瀏覽紀錄。你當作沒看到，雙贏。
action.morale,黑色幽默,3,{amount}萬 買不回青春，但買得到工程師願意再值一輪大夜的心。
action.morale,悲涼,2,獎金 {amount}萬。大家笑著收下，笑容維持了大約一個 sprint。
action.morale,平述,2,發放激勵獎金 {amount}萬，士氣回升，會議室的沉默縮短了三秒。
action.upsell_stiff,冷笑話,3,這家 {ctype} 的預算科目硬得像憲法，你修了半天，只通過 {amount}萬 的釋憲案。
action.upsell_stiff,黑色幽默,3,對（{ctype}）談加價像跟提款機談判，機器同情你，吐了 {amount}萬。
action.upsell_stiff,悲涼,2,你把功能講成一朵花，窗口點頭如搗蒜，批下來 {amount}萬——他的權限就這麼大。
action.upsell_stiff,平述,2,（{ctype}）預算彈性有限，數輪磋商後追加 {amount}萬，雙方都稱這是誠意。
season.explode,黑色幽默,4,《{case}》炸的那一刻，值班工程師正在寫『本週無重大異常』的週報。他選擇先送出。
season.explode,悲涼,3,你早就知道《{case}》會炸，只是賭它晚一季。[{ctype}] 的甲方沒有陪你賭。
season.explode,冷笑話,3,《{case}》爆炸噴出的錯誤紀錄，體積超過了系統本體。這是它這輩子產出最多的一天。
season.explode,假掰新聞,3,快訊：{ctype} 重要系統《{case}》深夜崩潰，值班人員回報『重開機也沒有用』，語氣平靜。
blame.win,黑色幽默,3,『{method}』說出口的瞬間，你看見甲方主管眼中閃過一絲敬佩。同行才懂同行。
blame.win,竊喜,3,會議記錄寫著『責任歸屬另案討論』——翻譯：你又逃過一劫，《{case}》的鍋落地無主。
blame.win,冷笑話,3,你用『{method}』甩掉《{case}》的鍋，甲方窗口私下跟你要了這句話的授權。
blame.win,平述,2,藉『{method}』一說，本次事故責任成功外部化，會議提前二十分鐘結束。
blame.fail,冷笑話,4,你說系統問題是不可預期的。甲方打開你們簽約時的簡報：『可預期、可控、零風險』。
blame.fail,黑色幽默,3,甩鍋失敗的原因是鍋上有你的指紋——上次開會你親口承諾過，還有錄音。
blame.fail,悲涼,2,藉口說完，甲方沒有生氣，只是開始收東西。比被罵更可怕的是他們決定不再溝通。
blame.fail,平述,2,卸責之詞遭逐條反駁，對造援引資料之完整，令我方一度以為在打行政訴訟。
event.stroke,黑色幽默,3,救護車來的時候，{eng}的螢幕還亮著。主管的第一個反應是幫他按了儲存。
event.stroke,悲涼,2,{eng}倒下那晚，值班表隔天就補上了新名字。系統不能停，人可以換。
event.delrepo,冷笑話,3,{eng}刪庫前有先開分支，分支名叫 goodbye。大家以為是功能名。
event.delrepo,假掰新聞,3,傳工程師離職當日刪除《{case}》全部原始碼，公司回應：影響有限，反正也沒人看得懂。
event.sales_flee,冷笑話,3,{sales}跑路前把業績達成率改成 100%，帶著 {amount}萬 為自己畫下完美句點。
event.sales_flee,悲涼,2,{sales}捲了 {amount}萬 消失。最難過的是會計——單據還沒核銷。
event.ransom,假掰新聞,3,快訊：勒索集團鎖定外包商 NAS 開價 {amount}萬，並揚言公開其原始碼。廠商更怕後者。
event.ransom,黑色幽默,3,駭客加密了你們的 NAS，還好心附上目錄清單，整理得比你們自己的文件系統好。
event.client_bankrupt,冷笑話,3,《{case}》的甲方倒了。你打去關心，語音說：您所撥的公司已成為歷史。
event.client_bankrupt,悲涼,2,做完《{case}》最後一筆驗收，換來甲方的破產公告。你們是他們最後的支出。
event.cloud,假掰新聞,3,快訊：跨國雲端服務全區中斷，各公司資訊部門集體對天觀測，試圖找出雲的位置。
event.cloud,黑色幽默,3,雲端掛了，SLA 寫著 99.9%。事後補償是折抵下月費用四十三元。
event.leftpad,冷笑話,3,那個套件的作者在說明檔寫過『僅供學習用途』。全世界的核心系統都在學習。
event.leftpad,黑色幽默,3,《{case}》停擺的原因是地球另一端有個人心情不好。分散式系統，集中式脆弱。
event.vip_crash,冷笑話,3,長官問這是什麼畫面，你說是例外處理。他問例外為什麼是英文，全場低頭。
event.vip_crash,黑色幽默,3,《{case}》在長官面前藍屏，隨行記者拍得比你們的測試紀錄還齊全。
event.vip_ok,竊喜,3,視察順利結束，合照上了官網。你把那頁截下來——這是《{case}》唯一的驗收證明。
event.vip_ok,冷笑話,3,長官點的三個功能剛好是唯三能動的。你開始相信公司樓下的土地公。
event.poached,冷笑話,3,{rival} 挖走{eng}的隔天，你們的系統穩定了。大家不敢討論這個現象。
event.poached,黑色幽默,3,{eng}被挖走前把手上的雷都標了註解。仁至義盡，寸草不生。
event.media_exposed,假掰新聞,3,專題《外包共和國》上線，貴公司佔兩個章節，配圖打了馬賽克，同行都認得出來。
event.media_exposed,黑色幽默,4,記者來電求證，你說『不予置評』。隔天標題：《該公司不否認》。
event.media_clean,竊喜,3,記者調到你們的組織圖，研究一週後放棄——分不出哪些是人、哪些是人力銀行帳號。
event.media_clean,平述,2,媒體查證未果，報導轉向下一家。你們以資訊混亂獲得了資訊安全。
event.windfall,冷笑話,3,入帳 {amount}萬，匯款摘要寫著『之前的』。會計決定不深究。
event.windfall,假掰新聞,3,某機關清理保留款，廠商意外收到 {amount}萬 陳年尾款，會計師稱之為『考古收入』。
blame.sue,冷笑話,3,對造律師開庭引用了你們的官網文案。原來『使命必達』有法律拘束力，賠 {amount}萬。
blame.sue,悲涼,2,判決書 {amount}萬。你輸的不是官司，是當年話講太滿的自己。
season.terminate,假掰新聞,3,{ctype} 宣布終止《{case}》合約並求償 {amount}萬，新聞稿感謝廠商『過去的參與』。
season.terminate,冷笑話,3,解約會議七分鐘。對方連簡報都做好了：《合作截止之效益分析》，求償 {amount}萬。
explode.scapegoat,冷笑話,3,對外聲明寫『個別人員操作疏失』。{eng}操作的那個按鈕，是你叫他按的。
explode.scapegoat,黑色幽默,3,{eng}離開時沒有帶走任何東西，除了全組的信任。
explode.eat,冷笑話,3,你賠了 {amount}萬 收拾《{case}》。財報上列在『學習成本』——你確實學到了。
explode.eat,平述,2,自行吸收 {amount}萬 損失，本季獲利歸零，但商譽與罪孽維持原狀，已是本週最好的消息。
rival.collapse,黑色幽默,3,{rival} 的資產拍賣會你舉了兩次牌：一次買伺服器，一次純粹為了爽。+{amount}萬。
rival.collapse,冷笑話,3,{rival} 倒了，官網的『永續經營』頁面還在線上。你截了圖，+{amount}萬。
rival.inherit,悲涼,2,《{case}》[{ctype}] 的交接會議上，{rival} 的前員工只說了兩個字：節哀。
rival.inherit,黑色幽默,3,政府塞來 {rival} 的《{case}》，附一句『相信貴公司』。你開始理解 {rival} 為什麼倒。
audit.clean,冷笑話,3,稽核員問這筆『雜項支出』是什麼，會計說是雜項。雙方都很滿意這個答案。
audit.clean,平述,2,本次稽核順利通過。合規的部分經得起檢驗，不合規的部分找不到入口。
audit.dodged,冷笑話,3,稽核前夜全公司大掃除，碎掉的比留下的多。隔天窗明几淨，查無不法。
audit.dodged,黑色幽默,3,你陪稽核員聊了一下午高爾夫。他離開時只帶走兩盒鳳梨酥和一個模糊的印象。
audit.fined,冷笑話,3,稽核員在你們系統裡迷路兩小時，出來開了 {amount}萬 罰單，罪名加一條：動線不良。
audit.fined,黑色幽默,3,罰單 {amount}萬。你想申訴，律師看完卷宗建議把申訴費拿去繳罰款。
card.disaster_cash,冷笑話,3,《{case}》的災難報告寫得聲淚俱下，甲方看完撥了 {amount}萬，還問你們有沒有事。
card.disaster_cash,黑色幽默,3,出事第一時間你先開單再救火，{amount}萬 到帳系統才開始恢復。專業是有順序的。
card.poison,竊喜,3,你送 {rival} 的模組附了三百頁文件，他們兩週後才發現文件本身是最大的陷阱。-{dmg} 血。
card.poison,黑色幽默,3,毒模組上線當晚 {rival} 燈火通明。你在對街拍了張照，圖說：同業之光。-{dmg} 血。
card.lockin,冷笑話,3,甲方找了三家顧問評估汰換《{case}》，三家看完原始碼都婉拒了報價。
card.lockin,黑色幽默,3,《{case}》和甲方核心系統從此血脈相連，分手的代價是半個機房。
card.refactor,竊喜,3,重構《{case}》刪掉四萬行沒人敢動的舊碼，系統反而變快，罪孽也輕了。
card.refactor,冷笑話,3,重構時發現一段註解：『我也不知道為什麼能動』。現在知道了——它根本沒在動。
card.pr,冷笑話,3,公關稿把『系統癱瘓』寫成『預期外的高可用性演練』，媒體照登，信譽回血。
card.pr,竊喜,3,洗白專題上線：《從爭議到轉型》。爭議是你，轉型也是你，稿費你出的。
ending.survive,冷笑話,3,十五季了你的系統還在跑。沒人知道為什麼，包括寫它的人——他已經開手搖店了。
ending.survive,竊喜,3,撐到旗艦計畫落幕，政府頒了感謝狀。你掛在牆上，旁邊是這些年的和解書。
ending.solo,假掰新聞,3,終局快訊：五強僅存一家，主管機關研議反壟斷，發現唯一廠商也是唯一能寫該系統的廠商。
ending.solo,悲涼,3,你贏了。頒獎台下沒有觀眾——能坐在台下的，都被你搞倒了。
ending.lose_cash,冷笑話,3,公司帳戶餘額停在 -1。會計說至少很好記。
ending.lose_cash,假掰新聞,3,快訊：老牌外包商財務斷鏈倒閉，員工門口合影留念，笑容被形容為『如釋重負』。
ending.lose_morale,冷笑話,3,最後一天沒有人來上班，除了掃地機器人。它撞了一上午的紙箱。
ending.lose_morale,假掰新聞,3,快訊：某外包商全員離職宣告解體，勞工局稱這是本年度最和平的一次集體行動。
ending.lose_audit,冷笑話,3,清算人員接管那天，唯一正常運作的系統是門禁。它忠實地拒絕了你。
ending.lose_audit,悲涼,3,撤照那天你拆下招牌，路過的同行放慢車速——不是同情，是在估價。
event.delrepo,黑色幽默,3,{eng}刪掉《{case}》整包 repo 後傳了訊息：『現在它是雲端限定了。』
event.delrepo,悲涼,2,《{case}》的原始碼沒了。你們花三天才確認：真的、完全、沒了。
event.delrepo,冷笑話,3,資訊部想從回收桶救回《{case}》，發現{eng}連回收桶都清了。專業。
rival.collapse,竊喜,3,{rival} 倒閉的公告出來十分鐘，你的業務已經站在他們客戶的樓下。+{amount}萬。
